avg_mouse_speed,mouse_path_entropy,click_delay,task_completion_time,idle_time,label
0.454,0.508,1.226,4.199,2.455,1
0.568,0.885,1.942,3.387,0.09,1
1.169,0.216,1.141,5.029,2.102,1
1.384,0.715,2.326,3.814,1.565,1
1.095,0.354,1.069,1.922,1.933,1
1.167,0.431,3.133,5.126,0.768,1
0.834,0.349,2.688,4.942,0.702,1
0.397,0.662,3.386,1.906,1.047,1
1.439,0.662,2.866,5.29,2.077,1
0.971,0.889,2.079,4.085,0.995,1
0.466,0.27,3.125,5.475,1.87,1
0.517,0.766,0.942,5.793,1.148,1
0.938,0.436,2.277,4.622,0.383,1
1.325,0.501,2.123,5.514,0.262,1
0.52,0.836,2.279,2.091,1.887,1
0.44,0.627,2.715,3.637,1.811,1
0.927,0.496,3.242,5.481,0.844,1
1.392,0.812,1.87,4.015,1.286,1
1.347,0.229,0.539,3.608,0.386,1
0.947,0.465,2.995,5.192,0.845,1
1.33,0.24,2.014,2.191,0.589,1
0.938,0.701,2.274,2.057,2.488,1
0.674,0.712,1.641,5.948,1.427,1
0.943,0.501,2.561,4.303,1.327,1
1.313,0.228,0.77,1.604,0.255,1
1.367,0.858,2.935,2.669,1.33,1
0.59,0.854,1.76,5.774,0.031,1
0.629,0.485,2.557,4.606,0.78,1
1.11,0.447,3.237,3.685,2.157,1
1.369,0.815,1.799,2.423,2.379,1
1.36,0.339,2.54,5.845,1.307,1
0.562,0.216,1.762,3.094,1.589,1
0.342,0.464,3.273,5.853,1.678,1
0.673,0.219,0.66,5.707,1.504,1
0.49,0.822,1.056,1.847,1.27,1
0.814,0.837,3.113,4.6,1.614,1
0.667,0.643,1.936,2.879,0.002,1
1.44,0.838,1.126,1.882,1.186,1
1.282,0.552,1.149,5.921,0.22,1
1.353,0.515,0.864,4.783,0.994,1
1.071,0.686,0.947,3.718,1.443,1
1.096,0.506,0.869,5.65,0.652,1
0.575,0.749,1.287,1.995,0.435,1
1.005,0.34,0.887,5.914,0.285,1
0.436,0.887,2.1,2.839,2.359,1
0.587,0.823,3.31,4.102,0.644,1
0.896,0.769,2.091,1.615,0.877,1
1.436,0.695,1.089,5.144,1.249,1
1.32,0.238,2.803,2.352,1.428,1
0.714,0.604,2.215,3.784,1.942,1
0.51,0.592,3.03,3.388,0.389,1
1.465,0.723,0.979,4.859,1.947,1
1.101,0.58,1.044,2.292,0.303,1
1.104,0.439,2.23,4.913,0.488,1
0.91,0.492,1.079,3.829,1.442,1
0.322,0.569,3.13,5.226,1.665,1
1.186,0.649,0.803,5.239,1.696,1
0.426,0.639,2.278,3.801,1.049,1
0.907,0.647,2.87,4.835,0.534,1
0.55,0.768,0.896,3.057,1.158,1
0.419,0.699,2.979,5.524,1.948,1
0.936,0.859,2.048,2.888,1.251,1
0.341,0.373,2.479,5.094,1.429,1
0.796,0.259,0.762,4.114,0.57,1
0.719,0.505,0.948,3.886,0.268,1
1.389,0.32,2.057,5.184,0.968,1
0.438,0.285,3.337,2.293,0.228,1
1.24,0.385,1.506,5.78,1.142,1
0.785,0.417,2.395,4.18,2.188,1
0.545,0.424,1.568,3.1,0.479,1
1.101,0.698,1.589,1.526,0.96,1
1.157,0.321,1.406,1.651,1.073,1
1.027,0.668,2.251,4.538,0.899,1
0.955,0.41,2.784,3.889,0.639,1
0.398,0.308,2.739,3.949,1.286,1
1.399,0.392,3.442,2.559,2.018,1
0.358,0.33,0.697,4.762,1.645,1
0.738,0.703,2.725,3.244,1.453,1
0.586,0.514,2.404,5.268,2.46,1
0.723,0.553,0.697,3.522,1.101,1
1.338,0.863,2.407,4.042,0.433,1
1.069,0.617,1.236,3.911,1.295,1
1.061,0.558,3.179,3.903,1.129,1
0.522,0.675,0.623,3.691,1.184,1
1.447,0.65,0.65,5.16,0.475,1
1.228,0.417,2.656,3.087,0.844,1
1.387,0.666,2.818,3.383,1.35,1
1.339,0.786,2.112,4.158,1.966,1
1.337,0.642,3.493,5.805,0.966,1
1.208,0.588,1.76,3.938,0.595,1
1.124,0.428,2.589,3.935,1.464,1
0.825,0.852,0.692,3.162,0.916,1
1.328,0.381,3.4,2.391,0.231,1
1.016,0.741,3.312,5.178,1.957,1
0.665,0.805,3.374,1.801,0.076,1
0.818,0.731,2.742,4.011,2.08,1
1.395,0.218,2.9,1.592,1.027,1
1.393,0.395,2.939,4.88,2.185,1
1.242,0.525,3.486,3.023,0.289,1
1.333,0.261,0.939,3.482,1.079,1
1.018,0.724,2.089,2.676,2.175,1
0.549,0.358,0.743,5.422,0.379,1
0.821,0.427,3.061,2.467,1.776,1
0.747,0.661,1.767,3.617,0.691,1
0.687,0.758,1.742,4.296,1.258,1
1.425,0.751,3.275,2.608,2.069,1
0.434,0.362,0.798,2.691,2.33,1
1.151,0.29,1.707,2.787,1.858,1
0.914,0.258,2.655,3.28,1.083,1
0.701,0.882,3.163,2.241,0.031,1
1.172,0.755,3.112,3.814,2.047,1
1.217,0.745,2.783,5.091,1.962,1
0.364,0.767,0.664,4.087,0.983,1
1.124,0.416,2.911,3.16,1.224,1
0.918,0.788,2.541,3.604,0.733,1
0.796,0.496,2.003,5.888,2.259,1
1.087,0.405,2.356,2.866,0.832,1
0.606,0.447,2.697,5.743,1.937,1
1.009,0.824,2.634,2.983,0.139,1
1.05,0.764,0.955,2.925,2.3,1
0.444,0.445,1.901,3.248,1.207,1
1.311,0.846,0.991,4.079,1.038,1
0.919,0.719,1.293,3.351,2.104,1
0.835,0.657,2.339,5.491,2.187,1
0.777,0.593,0.821,4.987,0.807,1
0.563,0.694,1.81,4.584,2.459,1
0.362,0.615,2.241,2.095,1.27,1
0.498,0.351,2.167,4.981,1.325,1
0.71,0.473,2.854,3.578,2.168,1
1.379,0.231,2.408,2.066,1.435,1
0.485,0.758,3.204,4.733,0.87,1
0.816,0.762,3.212,3.76,0.232,1
1.012,0.496,1.557,2.52,0.292,1
0.455,0.57,3.254,1.683,1.606,1
1.163,0.634,3.321,4.304,2.441,1
0.651,0.567,2.203,5.702,1.667,1
1.396,0.491,3.437,4.201,2.481,1
0.749,0.463,1.343,1.895,0.465,1
1.198,0.505,2.861,1.916,0.617,1
0.842,0.563,2.578,2.396,0.854,1
1.164,0.29,1.675,5.986,0.226,1
1.453,0.386,2.818,1.689,0.867,1
0.619,0.742,1.203,4.343,1.365,1
0.789,0.726,2.451,5.073,0.049,1
1.448,0.687,3.291,5.41,2.072,1
1.389,0.272,1.57,2.955,0.616,1
0.401,0.325,1.353,4.405,1.547,1
0.958,0.456,1.339,1.957,2.399,1
1.256,0.381,2.633,2.109,2.323,1
0.827,0.504,2.238,3.361,1.359,1
0.319,0.419,2.892,4.208,0.373,1
0.847,0.292,3.349,4.247,0.08,1
0.918,0.899,1.725,5.43,1.472,1
0.562,0.23,2.212,4.796,0.672,1
1.244,0.524,0.547,1.519,1.883,1
1.356,0.22,3.497,4.184,0.227,1
0.438,0.554,1.207,5.424,0.222,1
0.958,0.324,2.132,4.268,0.655,1
0.529,0.556,2.0,1.955,1.266,1
0.521,0.789,1.791,5.335,2.057,1
0.557,0.656,2.497,4.149,0.481,1
0.823,0.304,1.383,4.446,2.238,1
0.469,0.448,0.547,5.708,0.186,1
0.834,0.374,1.436,5.555,1.707,1
1.006,0.494,2.791,1.908,1.824,1
0.879,0.876,2.449,3.54,0.649,1
0.405,0.583,3.041,4.451,2.447,1
0.485,0.849,1.635,4.704,1.564,1
1.474,0.454,2.382,4.444,2.08,1
0.719,0.492,1.822,3.82,0.231,1
0.587,0.24,0.792,5.159,2.43,1
1.054,0.263,1.356,2.622,1.315,1
0.725,0.692,3.086,1.699,1.449,1
0.7,0.392,1.86,2.729,1.42,1
1.329,0.699,2.418,4.13,1.383,1
0.516,0.836,1.642,3.652,1.577,1
0.962,0.552,3.299,5.675,1.428,1
1.345,0.693,3.109,1.516,1.68,1
1.42,0.216,0.966,4.174,1.701,1
0.909,0.493,1.444,2.47,0.837,1
1.087,0.504,2.614,4.23,0.0,1
1.059,0.415,1.497,4.306,0.687,1
0.305,0.82,1.932,3.003,2.283,1
0.702,0.769,3.142,3.22,0.272,1
0.401,0.468,1.367,2.085,0.698,1
0.872,0.478,2.663,5.952,2.318,1
0.543,0.859,2.348,5.524,2.412,1
0.92,0.722,0.519,4.664,0.375,1
1.273,0.701,1.407,2.896,0.882,1
0.316,0.407,0.634,4.484,0.633,1
0.357,0.845,1.85,1.976,1.987,1
0.535,0.603,0.853,5.654,2.055,1
0.903,0.558,1.637,5.071,1.45,1
0.831,0.205,2.377,2.033,2.355,1
0.807,0.765,0.773,5.911,1.711,1
1.278,0.844,0.884,1.76,0.272,1
0.647,0.746,2.762,2.793,1.259,1
1.213,0.648,2.813,3.179,1.432,1
0.655,0.307,1.731,2.01,0.691,1
0.669,0.616,3.06,2.202,1.255,1
0.617,0.271,2.306,2.115,2.099,1
1.411,0.507,3.444,4.467,2.306,1
0.965,0.637,0.905,2.834,0.381,1
0.688,0.623,0.573,2.177,1.524,1
1.342,0.627,2.344,1.885,0.07,1
0.591,0.675,1.753,5.071,0.259,1
1.42,0.283,2.42,5.75,0.829,1
1.156,0.632,3.28,2.703,1.829,1
0.691,0.457,2.569,5.845,1.039,1
1.263,0.516,3.089,2.211,0.649,1
0.324,0.419,2.967,4.871,0.98,1
0.632,0.63,2.636,2.222,1.851,1
0.896,0.574,1.816,5.28,0.13,1
1.079,0.303,3.163,4.164,1.164,1
1.265,0.824,2.308,4.052,0.116,1
0.849,0.464,3.221,3.113,1.862,1
0.65,0.375,1.851,4.295,1.045,1
0.965,0.211,1.042,2.985,0.402,1
0.717,0.258,2.559,2.329,1.787,1
0.685,0.577,2.378,2.642,0.199,1
0.885,0.383,1.514,2.481,0.438,1
0.795,0.766,2.802,3.075,1.644,1
0.5,0.384,1.861,2.593,1.044,1
1.261,0.483,1.191,3.243,2.449,1
0.992,0.594,3.036,3.185,2.146,1
1.308,0.693,2.307,4.185,1.748,1
1.078,0.568,0.937,3.607,0.184,1
0.864,0.444,3.316,5.918,0.071,1
0.924,0.422,2.173,3.689,2.233,1
0.33,0.664,2.146,5.51,0.993,1
1.219,0.817,1.374,2.042,0.611,1
0.56,0.341,0.995,4.696,1.95,1
0.731,0.387,1.158,3.36,1.808,1
0.92,0.208,3.105,5.149,2.044,1
1.33,0.58,2.488,4.121,1.345,1
1.237,0.443,1.98,4.422,1.231,1
0.301,0.616,0.664,3.186,2.314,1
0.49,0.816,2.376,2.57,1.387,1
0.83,0.311,2.775,1.805,0.117,1
0.874,0.523,1.421,2.934,0.757,1
0.536,0.672,3.273,3.118,0.857,1
1.031,0.61,1.849,4.028,1.043,1
0.319,0.221,1.602,3.252,0.292,1
0.716,0.437,1.125,1.791,1.867,1
0.91,0.71,2.494,5.62,0.373,1
0.826,0.874,3.137,2.872,1.1,1
1.077,0.753,2.86,4.156,0.697,1
0.541,0.342,2.933,5.795,1.019,1
1.042,0.809,2.016,4.877,0.505,1
0.661,0.893,2.545,5.333,0.961,1
0.978,0.687,3.177,2.448,2.352,1
0.986,0.259,1.113,4.114,1.256,1
0.49,0.413,1.892,4.228,1.071,1
0.919,0.518,2.993,1.659,1.359,1
0.867,0.294,2.807,4.127,1.916,1
0.352,0.415,2.652,2.707,1.38,1
1.437,0.373,0.587,5.678,2.438,1
0.809,0.543,2.043,2.227,0.954,1
1.214,0.64,2.224,4.512,1.54,1
0.643,0.552,2.571,5.176,0.323,1
0.614,0.576,1.825,4.451,2.176,1
1.106,0.819,2.031,4.446,2.221,1
0.798,0.428,0.857,4.102,0.308,1
1.222,0.852,0.797,5.716,1.435,1
1.12,0.856,3.277,4.516,1.922,1
0.879,0.531,2.162,3.074,1.759,1
1.117,0.27,2.485,4.172,1.41,1
1.037,0.368,2.985,5.899,0.876,1
0.773,0.784,2.635,4.029,1.281,1
0.666,0.713,2.399,2.549,1.284,1
1.338,0.278,0.512,5.998,0.223,1
1.159,0.761,2.733,2.426,1.443,1
0.379,0.287,0.666,2.338,1.154,1
0.671,0.605,1.281,3.821,2.401,1
0.33,0.632,0.787,4.162,1.558,1
0.301,0.766,3.373,2.551,2.458,1
1.475,0.45,1.479,4.031,0.461,1
1.224,0.709,0.6,3.847,0.534,1
0.419,0.74,2.353,4.837,1.118,1
0.709,0.838,2.211,4.143,0.388,1
1.495,0.352,1.507,3.524,2.447,1
1.213,0.579,2.111,5.991,1.165,1
0.332,0.236,1.77,1.695,0.457,1
1.312,0.578,0.848,3.137,2.321,1
1.427,0.513,3.287,3.28,0.663,1
1.451,0.668,1.833,5.148,0.058,1
1.168,0.438,3.164,2.085,1.608,1
0.688,0.4,3.198,4.071,2.157,1
1.355,0.278,3.399,5.12,2.153,1
0.637,0.525,1.767,3.207,2.343,1
1.487,0.512,1.652,2.686,1.864,1
0.481,0.697,3.167,3.935,1.812,1
0.668,0.759,0.546,4.688,0.616,1
1.498,0.804,3.418,3.552,0.375,1
1.083,0.306,0.756,1.572,1.856,1
1.039,0.409,2.069,2.525,2.482,1
1.475,0.229,2.856,2.42,2.224,1
0.346,0.259,1.63,5.85,1.491,1
1.311,0.575,1.298,4.76,1.647,1
0.679,0.588,2.454,5.589,2.193,1
0.999,0.358,0.67,1.884,0.712,1
0.997,0.455,2.021,2.181,2.211,1
0.382,0.808,1.575,5.066,0.931,1
1.277,0.441,1.678,5.043,2.052,1
0.395,0.362,1.615,2.689,0.437,1
0.418,0.481,3.418,5.916,1.999,1
0.466,0.484,1.988,3.714,1.609,1
0.539,0.653,2.855,5.575,1.823,1
0.695,0.66,1.533,4.602,0.493,1
1.235,0.304,1.992,3.524,0.668,1
1.184,0.866,2.755,5.866,0.645,1
1.074,0.559,2.144,3.81,0.901,1
0.453,0.645,3.435,3.951,0.452,1
1.204,0.526,2.359,3.25,1.005,1
0.399,0.875,2.801,2.731,1.089,1
0.373,0.361,2.923,3.43,0.022,1
1.121,0.829,1.774,2.759,0.52,1
0.618,0.234,2.027,4.984,1.079,1
0.837,0.227,0.571,5.089,1.677,1
0.896,0.528,1.745,5.968,0.673,1
0.584,0.214,2.326,3.558,0.459,1
0.394,0.517,0.864,2.474,1.318,1
0.958,0.476,1.376,4.626,0.658,1
1.183,0.356,2.186,4.42,1.871,1
0.626,0.512,2.344,4.366,0.806,1
1.216,0.882,3.266,2.63,1.081,1
1.36,0.628,0.826,2.348,1.723,1
1.24,0.428,1.442,5.92,1.305,1
0.621,0.499,0.873,2.539,1.726,1
0.503,0.405,1.951,2.311,1.293,1
0.488,0.747,2.127,3.046,1.881,1
1.319,0.355,1.996,2.344,2.255,1
0.879,0.685,3.312,1.963,2.229,1
0.358,0.433,1.097,3.548,1.068,1
0.351,0.888,3.49,2.152,0.692,1
0.54,0.528,1.138,4.73,2.357,1
1.049,0.814,2.286,3.216,1.205,1
0.406,0.82,2.207,5.741,0.915,1
1.339,0.801,0.897,2.018,2.106,1
1.177,0.324,2.58,3.359,1.37,1
1.25,0.218,3.227,5.732,1.252,1
0.42,0.268,2.642,5.572,1.382,1
0.762,0.776,3.102,4.735,1.78,1
0.437,0.863,2.337,3.341,1.182,1
1.371,0.617,2.829,3.902,1.047,1
0.576,0.432,2.615,3.843,0.287,1
0.589,0.783,2.96,2.636,0.891,1
0.662,0.831,1.245,1.974,1.708,1
1.406,0.203,0.87,3.438,0.77,1
0.576,0.564,2.581,1.64,1.533,1
1.0,0.384,0.97,5.203,2.312,1
0.527,0.709,1.12,4.293,0.127,1
0.868,0.824,1.21,3.818,0.541,1
0.42,0.626,0.736,2.661,0.755,1
0.832,0.574,0.572,1.754,1.114,1
0.385,0.221,3.253,5.526,1.554,1
1.105,0.675,1.469,4.608,2.302,1
1.266,0.472,2.052,5.22,1.219,1
0.537,0.84,1.248,2.705,2.166,1
0.882,0.438,2.251,2.066,0.154,1
0.364,0.378,2.431,2.414,1.308,1
1.438,0.633,1.327,5.558,2.214,1
0.801,0.246,1.327,2.357,1.843,1
0.359,0.23,1.16,4.411,0.432,1
1.411,0.41,3.279,2.924,1.907,1
0.751,0.377,3.258,2.629,0.738,1
1.175,0.343,3.11,4.257,0.394,1
0.425,0.686,0.968,3.426,0.263,1
1.474,0.884,3.22,4.747,0.643,1
0.712,0.735,1.894,1.536,2.126,1
1.308,0.752,2.983,1.993,0.904,1
0.307,0.409,1.621,2.01,0.844,1
1.337,0.484,2.268,4.569,1.356,1
0.315,0.437,2.334,2.079,0.052,1
1.417,0.496,2.688,1.565,0.499,1
0.756,0.395,3.252,5.904,0.167,1
1.438,0.207,0.527,3.651,1.881,1
0.881,0.259,2.669,2.572,2.217,1
0.841,0.392,2.44,5.354,0.876,1
1.449,0.735,3.171,2.55,0.74,1
0.746,0.466,2.522,5.401,0.53,1
0.713,0.626,1.171,5.12,0.603,1
0.377,0.753,0.824,2.636,0.497,1
0.967,0.495,1.732,3.395,0.619,1
0.543,0.843,1.506,4.322,1.212,1
0.809,0.286,1.448,4.091,2.315,1
0.525,0.755,0.533,3.677,1.641,1
1.158,0.485,3.02,3.543,1.131,1
0.721,0.201,2.29,5.568,2.462,1
0.715,0.503,2.417,4.533,1.363,1
0.935,0.5,2.832,4.126,0.743,1
1.089,0.732,0.961,4.972,0.101,1
0.378,0.423,3.364,2.322,1.575,1
1.287,0.252,2.113,4.101,1.916,1
1.476,0.329,0.658,2.93,0.116,1
1.298,0.769,0.674,5.928,1.148,1
1.036,0.469,1.562,5.155,0.091,1
1.048,0.533,1.415,5.31,0.121,1
1.273,0.289,2.628,4.32,1.925,1
0.438,0.45,0.829,4.509,1.795,1
0.869,0.425,0.561,2.318,1.905,1
1.498,0.365,0.925,3.711,1.7,1
0.499,0.263,1.73,2.256,0.508,1
0.914,0.653,2.17,5.633,1.384,1
1.106,0.537,2.463,4.034,0.927,1
0.892,0.732,1.468,5.657,1.677,1
0.346,0.218,1.738,4.586,1.413,1
0.6,0.27,2.67,2.311,1.172,1
0.68,0.655,0.791,4.16,1.046,1
1.266,0.584,1.307,5.807,0.149,1
0.523,0.664,1.939,4.137,1.732,1
0.541,0.551,1.524,3.522,2.32,1
0.912,0.672,0.882,5.797,0.14,1
1.146,0.654,1.67,3.121,0.315,1
0.904,0.867,1.113,1.912,2.271,1
1.035,0.356,3.311,4.326,1.393,1
0.354,0.253,2.482,2.339,0.127,1
1.122,0.61,3.047,1.717,2.174,1
0.58,0.488,2.915,3.868,0.704,1
0.36,0.211,2.263,1.596,1.714,1
1.479,0.504,2.594,4.403,0.374,1
1.003,0.259,2.172,2.782,0.994,1
1.229,0.867,0.685,2.554,2.052,1
0.629,0.771,3.362,3.399,2.417,1
0.493,0.464,2.797,3.878,0.749,1
1.054,0.767,2.731,2.314,0.366,1
0.955,0.547,0.796,4.07,1.397,1
0.755,0.63,1.219,2.047,1.448,1
1.167,0.243,3.414,1.828,2.486,1
1.047,0.743,1.441,3.635,2.378,1
1.238,0.626,1.945,3.109,1.662,1
0.708,0.388,1.162,4.63,0.077,1
0.932,0.232,3.094,4.824,1.916,1
0.89,0.252,2.772,5.361,1.754,1
1.491,0.764,2.506,3.624,2.378,1
1.37,0.206,2.637,2.284,0.152,1
0.769,0.763,2.432,2.269,0.095,1
1.169,0.893,1.458,1.727,1.857,1
0.434,0.635,3.037,2.218,0.871,1
0.63,0.391,0.678,1.967,0.463,1
0.858,0.897,1.496,5.183,1.466,1
0.962,0.254,0.613,4.005,0.828,1
0.675,0.309,2.428,3.645,0.944,1
0.808,0.891,1.963,3.151,0.208,1
1.134,0.715,0.51,5.603,2.404,1
1.244,0.29,1.106,4.964,2.009,1
1.422,0.571,2.71,2.353,0.849,1
0.398,0.616,3.257,3.397,1.285,1
1.203,0.77,0.547,4.967,0.956,1
1.073,0.408,1.469,3.957,2.386,1
1.326,0.671,3.134,5.643,2.379,1
1.16,0.724,2.726,2.069,1.306,1
1.006,0.801,1.414,4.165,2.404,1
0.742,0.255,0.894,4.493,1.24,1
1.154,0.773,1.925,5.773,0.302,1
1.481,0.637,0.957,2.869,1.848,1
1.416,0.493,2.323,5.419,2.125,1
0.421,0.361,2.299,4.961,2.36,1
0.653,0.785,1.485,2.545,1.159,1
1.487,0.239,2.532,2.321,0.705,1
1.292,0.613,1.32,5.811,1.15,1
0.589,0.266,2.656,5.713,0.599,1
0.301,0.797,1.223,4.446,1.233,1
1.339,0.217,3.224,4.926,1.384,1
0.978,0.718,0.903,5.286,2.025,1
1.01,0.861,0.612,1.787,2.413,1
1.426,0.455,2.348,5.364,0.227,1
1.295,0.79,1.273,2.543,1.16,1
1.161,0.482,0.703,4.516,1.465,1
0.984,0.496,2.858,3.948,1.216,1
1.151,0.557,1.261,5.619,1.446,1
1.428,0.337,2.842,4.077,1.956,1
1.43,0.613,3.221,4.476,2.491,1
1.026,0.739,1.089,5.673,1.498,1
0.659,0.765,0.921,3.257,1.024,1
1.4,0.353,3.164,5.932,0.088,1
0.505,0.609,2.295,2.442,1.974,1
1.097,0.263,2.631,2.864,1.229,1
1.058,0.217,3.089,2.284,2.348,1
0.699,0.661,2.257,3.363,0.156,1
1.493,0.443,2.751,4.635,1.756,1
1.438,0.258,1.758,4.964,1.076,1
0.465,0.714,3.303,2.45,1.261,1
1.064,0.743,1.344,3.78,1.132,1
0.691,0.856,2.609,4.703,2.217,1
0.315,0.247,1.474,4.628,0.911,1
1.245,0.351,3.282,4.455,2.123,1
0.653,0.795,1.457,3.069,0.043,1
0.945,0.338,2.831,2.784,1.315,1
1.254,0.407,1.485,2.714,1.821,1
1.248,0.232,2.474,2.908,2.261,1
1.45,0.27,1.87,5.094,1.824,1
1.227,0.687,1.601,4.78,2.348,1
0.377,0.591,2.314,2.721,0.933,1
0.66,0.462,0.767,2.714,2.435,1
1.074,0.872,1.865,2.19,0.22,1
0.995,0.476,3.106,5.126,1.39,1
0.325,0.502,1.593,4.83,2.076,1
0.976,0.642,1.388,5.368,1.63,1
1.179,0.683,3.39,5.41,2.077,1
2.403,0.025,0.132,0.213,0.0,0
2.374,0.057,0.124,0.538,0.0,0
2.391,0.039,0.065,0.586,0.0,0
3.814,0.092,0.103,0.713,0.0,0
2.31,0.056,0.054,0.398,0.0,0
2.837,0.001,0.019,0.339,0.0,0
2.282,0.098,0.082,0.646,0.0,0
1.905,0.077,0.011,0.399,0.0,0
2.442,0.08,0.067,0.48,0.0,0
3.248,0.077,0.073,0.67,0.0,0
3.806,0.074,0.179,0.696,0.0,0
3.215,0.077,0.136,0.26,0.0,0
3.639,0.015,0.005,0.643,0.0,0
2.77,0.025,0.034,0.277,0.0,0
2.146,0.039,0.029,0.569,0.0,0
2.03,0.018,0.103,0.444,0.0,0
2.903,0.089,0.18,0.556,0.0,0
2.527,0.006,0.014,0.766,0.0,0
2.86,0.009,0.107,0.471,0.0,0
2.339,0.003,0.077,0.698,0.0,0
3.187,0.064,0.2,0.599,0.0,0
2.419,0.018,0.128,0.741,0.0,0
3.954,0.087,0.179,0.346,0.0,0
2.136,0.087,0.167,0.284,0.0,0
3.315,0.052,0.197,0.689,0.0,0
2.374,0.022,0.184,0.34,0.0,0
2.697,0.098,0.03,0.689,0.0,0
1.859,0.024,0.14,0.794,0.0,0
3.702,0.037,0.145,0.623,0.0,0
2.888,0.004,0.124,0.408,0.0,0
2.238,0.061,0.139,0.673,0.0,0
2.003,0.035,0.069,0.548,0.0,0
3.661,0.007,0.031,0.231,0.0,0
2.43,0.046,0.053,0.55,0.0,0
3.18,0.08,0.122,0.509,0.0,0
2.592,0.027,0.173,0.797,0.0,0
2.081,0.094,0.059,0.432,0.0,0
3.012,0.095,0.076,0.394,0.0,0
1.841,0.013,0.074,0.771,0.0,0
1.945,0.076,0.137,0.516,0.0,0
2.85,0.008,0.12,0.509,0.0,0
2.599,0.057,0.122,0.278,0.0,0
3.729,0.062,0.158,0.304,0.0,0
3.997,0.017,0.128,0.366,0.0,0
3.775,0.056,0.089,0.366,0.0,0
2.235,0.088,0.185,0.26,0.0,0
3.075,0.082,0.01,0.425,0.0,0
3.698,0.024,0.154,0.297,0.0,0
3.633,0.099,0.099,0.286,0.0,0
3.909,0.009,0.005,0.389,0.0,0
3.824,0.002,0.14,0.654,0.0,0
3.419,0.039,0.087,0.8,0.0,0
2.252,0.062,0.12,0.457,0.0,0
3.298,0.008,0.12,0.418,0.0,0
2.534,0.088,0.111,0.628,0.0,0
3.181,0.002,0.028,0.731,0.0,0
2.656,0.047,0.154,0.522,0.0,0
2.522,0.065,0.066,0.368,0.0,0
3.745,0.091,0.065,0.58,0.0,0
3.766,0.001,0.1,0.444,0.0,0
2.636,0.014,0.031,0.339,0.0,0
2.815,0.048,0.158,0.584,0.0,0
2.873,0.001,0.167,0.257,0.0,0
3.297,0.023,0.082,0.643,0.0,0
3.527,0.005,0.18,0.332,0.0,0
1.992,0.014,0.006,0.373,0.0,0
3.275,0.036,0.048,0.283,0.0,0
2.374,0.092,0.121,0.547,0.0,0
2.85,0.097,0.011,0.717,0.0,0
3.408,0.009,0.008,0.437,0.0,0
2.814,0.037,0.11,0.661,0.0,0
2.287,0.082,0.089,0.464,0.0,0
1.843,0.019,0.114,0.464,0.0,0
3.678,0.024,0.107,0.659,0.0,0
2.547,0.024,0.126,0.281,0.0,0
3.531,0.045,0.171,0.239,0.0,0
3.053,0.069,0.023,0.271,0.0,0
2.21,0.001,0.11,0.603,0.0,0
3.01,0.026,0.06,0.229,0.0,0
2.977,0.007,0.013,0.762,0.0,0
3.932,0.006,0.151,0.742,0.0,0
2.314,0.075,0.175,0.585,0.0,0
2.477,0.034,0.0,0.613,0.0,0
3.314,0.056,0.182,0.385,0.0,0
2.597,0.006,0.068,0.753,0.0,0
3.122,0.063,0.06,0.417,0.0,0
3.138,0.037,0.133,0.494,0.0,0
3.278,0.085,0.03,0.555,0.0,0
3.631,0.02,0.08,0.634,0.0,0
3.829,0.097,0.137,0.604,0.0,0
2.395,0.014,0.007,0.732,0.0,0
3.14,0.008,0.172,0.271,0.0,0
2.196,0.035,0.102,0.623,0.0,0
2.895,0.027,0.165,0.419,0.0,0
2.371,0.025,0.048,0.537,0.0,0
3.806,0.07,0.191,0.385,0.0,0
3.994,0.037,0.002,0.717,0.0,0
3.888,0.086,0.193,0.296,0.0,0
2.766,0.019,0.181,0.651,0.0,0
2.454,0.007,0.114,0.537,0.0,0
2.589,0.091,0.142,0.494,0.0,0
2.655,0.01,0.066,0.765,0.0,0
3.73,0.044,0.075,0.665,0.0,0
3.584,0.038,0.033,0.609,0.0,0
3.452,0.017,0.157,0.578,0.0,0
3.958,0.084,0.2,0.357,0.0,0
3.244,0.095,0.085,0.405,0.0,0
2.938,0.072,0.012,0.73,0.0,0
2.83,0.027,0.158,0.521,0.0,0
2.03,0.079,0.173,0.461,0.0,0
3.708,0.022,0.06,0.489,0.0,0
3.42,0.015,0.18,0.645,0.0,0
2.915,0.083,0.057,0.787,0.0,0
3.439,0.062,0.027,0.522,0.0,0
3.012,0.011,0.113,0.429,0.0,0
2.909,0.006,0.117,0.289,0.0,0
2.151,0.051,0.023,0.356,0.0,0
3.494,0.075,0.067,0.688,0.0,0
2.908,0.044,0.051,0.505,0.0,0
3.314,0.073,0.057,0.263,0.0,0
3.83,0.036,0.058,0.671,0.0,0
3.351,0.009,0.131,0.762,0.0,0
2.874,0.017,0.041,0.263,0.0,0
2.569,0.079,0.06,0.379,0.0,0
3.042,0.066,0.15,0.434,0.0,0
3.078,0.036,0.175,0.247,0.0,0
2.466,0.055,0.084,0.777,0.0,0
2.565,0.09,0.18,0.399,0.0,0
1.978,0.096,0.144,0.462,0.0,0
2.332,0.047,0.124,0.481,0.0,0
3.378,0.015,0.009,0.497,0.0,0
1.804,0.098,0.142,0.611,0.0,0
2.477,0.002,0.153,0.224,0.0,0
2.641,0.036,0.144,0.571,0.0,0
2.329,0.085,0.181,0.437,0.0,0
3.85,0.062,0.112,0.583,0.0,0
2.141,0.089,0.14,0.778,0.0,0
1.88,0.091,0.069,0.299,0.0,0
2.393,0.052,0.043,0.567,0.0,0
2.3,0.082,0.046,0.245,0.0,0
3.986,0.058,0.125,0.766,0.0,0
3.124,0.006,0.005,0.446,0.0,0
3.539,0.091,0.025,0.526,0.0,0
3.888,0.023,0.083,0.253,0.0,0
2.716,0.012,0.168,0.69,0.0,0
2.89,0.083,0.191,0.556,0.0,0
3.977,0.045,0.101,0.204,0.0,0
2.934,0.051,0.026,0.505,0.0,0
2.989,0.047,0.167,0.47,0.0,0
3.391,0.046,0.034,0.405,0.0,0
2.852,0.007,0.109,0.379,0.0,0
3.406,0.066,0.128,0.344,0.0,0
2.32,0.054,0.003,0.777,0.0,0
3.174,0.092,0.055,0.424,0.0,0
1.862,0.045,0.157,0.689,0.0,0
2.455,0.001,0.104,0.741,0.0,0
2.318,0.005,0.043,0.439,0.0,0
1.82,0.063,0.167,0.705,0.0,0
2.692,0.015,0.007,0.274,0.0,0
2.432,0.066,0.037,0.363,0.0,0
2.516,0.049,0.003,0.695,0.0,0
2.56,0.099,0.195,0.269,0.0,0
2.707,0.004,0.07,0.378,0.0,0
2.064,0.098,0.112,0.311,0.0,0
2.279,0.054,0.053,0.767,0.0,0
2.499,0.034,0.125,0.642,0.0,0
3.201,0.08,0.021,0.627,0.0,0
2.02,0.059,0.067,0.334,0.0,0
2.588,0.095,0.107,0.686,0.0,0
3.741,0.064,0.107,0.384,0.0,0
3.835,0.031,0.07,0.293,0.0,0
1.835,0.025,0.085,0.36,0.0,0
3.597,0.095,0.089,0.724,0.0,0
3.368,0.028,0.195,0.517,0.0,0
2.101,0.027,0.07,0.362,0.0,0
2.419,0.065,0.187,0.635,0.0,0
2.316,0.097,0.116,0.602,0.0,0
3.321,0.029,0.047,0.63,0.0,0
2.877,0.033,0.112,0.625,0.0,0
2.486,0.076,0.081,0.399,0.0,0
2.713,0.012,0.072,0.679,0.0,0
3.066,0.043,0.112,0.291,0.0,0
3.901,0.04,0.025,0.561,0.0,0
2.172,0.06,0.122,0.612,0.0,0
1.867,0.059,0.142,0.617,0.0,0
2.764,0.075,0.188,0.258,0.0,0
3.4,0.082,0.016,0.258,0.0,0
3.4,0.088,0.064,0.603,0.0,0
3.535,0.073,0.163,0.602,0.0,0
2.923,0.046,0.003,0.288,0.0,0
2.445,0.047,0.067,0.515,0.0,0
3.688,0.007,0.033,0.398,0.0,0
2.265,0.09,0.129,0.609,0.0,0
3.342,0.066,0.137,0.534,0.0,0
2.102,0.012,0.115,0.619,0.0,0
2.605,0.065,0.181,0.613,0.0,0
1.953,0.021,0.133,0.429,0.0,0
2.209,0.006,0.012,0.247,0.0,0
3.447,0.092,0.064,0.608,0.0,0
2.696,0.005,0.0,0.557,0.0,0
2.99,0.02,0.029,0.745,0.0,0
3.814,0.038,0.067,0.379,0.0,0
3.363,0.052,0.095,0.421,0.0,0
2.356,0.026,0.078,0.723,0.0,0
2.379,0.026,0.015,0.468,0.0,0
3.765,0.099,0.149,0.492,0.0,0
2.184,0.028,0.043,0.38,0.0,0
2.775,0.052,0.102,0.783,0.0,0
2.557,0.085,0.01,0.451,0.0,0
3.705,0.08,0.079,0.688,0.0,0
3.69,0.057,0.141,0.692,0.0,0
2.598,0.0,0.173,0.438,0.0,0
3.07,0.08,0.193,0.347,0.0,0
2.2,0.061,0.102,0.257,0.0,0
2.611,0.048,0.195,0.347,0.0,0
3.096,0.008,0.173,0.252,0.0,0
2.299,0.077,0.112,0.778,0.0,0
3.162,0.007,0.045,0.748,0.0,0
2.129,0.051,0.108,0.34,0.0,0
3.693,0.052,0.102,0.712,0.0,0
3.705,0.069,0.064,0.611,0.0,0
3.448,0.082,0.167,0.259,0.0,0
2.017,0.088,0.036,0.609,0.0,0
1.842,0.088,0.188,0.776,0.0,0
3.145,0.078,0.12,0.708,0.0,0
3.547,0.0,0.048,0.668,0.0,0
2.421,0.092,0.114,0.267,0.0,0
2.34,0.029,0.19,0.461,0.0,0
2.093,0.089,0.052,0.762,0.0,0
2.114,0.042,0.197,0.423,0.0,0
1.867,0.021,0.076,0.205,0.0,0
3.878,0.031,0.155,0.433,0.0,0
3.367,0.087,0.06,0.715,0.0,0
3.098,0.046,0.066,0.441,0.0,0
2.411,0.097,0.004,0.721,0.0,0
3.26,0.004,0.054,0.471,0.0,0
3.7,0.067,0.192,0.252,0.0,0
2.78,0.026,0.12,0.591,0.0,0
2.812,0.098,0.001,0.661,0.0,0
3.317,0.044,0.068,0.221,0.0,0
2.897,0.005,0.163,0.668,0.0,0
2.428,0.094,0.065,0.382,0.0,0
2.432,0.041,0.104,0.674,0.0,0
3.249,0.08,0.174,0.791,0.0,0
2.399,0.087,0.052,0.725,0.0,0
3.266,0.003,0.175,0.724,0.0,0
3.634,0.084,0.134,0.73,0.0,0
3.78,0.094,0.098,0.427,0.0,0
3.623,0.09,0.123,0.513,0.0,0
3.457,0.032,0.06,0.405,0.0,0
3.286,0.032,0.003,0.234,0.0,0
1.86,0.008,0.084,0.709,0.0,0
3.723,0.013,0.017,0.309,0.0,0
3.271,0.068,0.012,0.733,0.0,0
3.275,0.079,0.025,0.601,0.0,0
3.64,0.072,0.13,0.697,0.0,0
3.499,0.008,0.026,0.453,0.0,0
2.482,0.004,0.103,0.317,0.0,0
3.616,0.007,0.112,0.476,0.0,0
3.954,0.076,0.139,0.384,0.0,0
2.673,0.075,0.142,0.662,0.0,0
2.295,0.075,0.199,0.536,0.0,0
3.219,0.082,0.165,0.694,0.0,0
2.349,0.026,0.198,0.343,0.0,0
2.835,0.05,0.098,0.391,0.0,0
3.903,0.066,0.048,0.642,0.0,0
3.726,0.098,0.034,0.786,0.0,0
2.867,0.016,0.15,0.5,0.0,0
3.107,0.022,0.172,0.666,0.0,0
3.245,0.01,0.06,0.705,0.0,0
2.209,0.041,0.117,0.333,0.0,0
2.018,0.06,0.158,0.714,0.0,0
2.847,0.038,0.007,0.241,0.0,0
3.701,0.054,0.155,0.434,0.0,0
3.238,0.038,0.133,0.462,0.0,0
3.977,0.019,0.158,0.438,0.0,0
2.934,0.007,0.058,0.498,0.0,0
2.308,0.097,0.085,0.693,0.0,0
3.435,0.02,0.116,0.426,0.0,0
2.654,0.09,0.169,0.414,0.0,0
2.871,0.064,0.016,0.323,0.0,0
3.326,0.031,0.065,0.31,0.0,0
3.146,0.025,0.168,0.706,0.0,0
3.372,0.073,0.092,0.351,0.0,0
1.889,0.044,0.145,0.292,0.0,0
2.118,0.015,0.148,0.437,0.0,0
3.953,0.008,0.147,0.293,0.0,0
3.244,0.065,0.042,0.68,0.0,0
3.586,0.04,0.086,0.375,0.0,0
3.413,0.091,0.003,0.392,0.0,0
3.411,0.096,0.043,0.698,0.0,0
2.223,0.062,0.139,0.539,0.0,0
2.252,0.03,0.04,0.612,0.0,0
3.066,0.078,0.063,0.206,0.0,0
3.723,0.036,0.154,0.446,0.0,0
3.605,0.085,0.005,0.228,0.0,0
3.347,0.022,0.109,0.248,0.0,0
2.235,0.067,0.134,0.278,0.0,0
3.264,0.051,0.089,0.318,0.0,0
3.975,0.007,0.128,0.771,0.0,0
